func_calls,mean_distances,grad_c_distances,pc_c_distances
2.000000000000000000e+02,2.066041735443264145e+02,1.942884678592667456e+02,nan
4.000000000000000000e+02,2.060369136174973903e+02,1.942109469251009841e+02,nan
6.000000000000000000e+02,2.050839829006236528e+02,1.936875422293373958e+02,nan
8.000000000000000000e+02,2.036424810497719022e+02,1.929961861544591102e+02,nan
1.000000000000000000e+03,2.015385311236540531e+02,1.930967608287947144e+02,nan
1.200000000000000000e+03,1.990040280781116735e+02,1.923812669613623143e+02,nan
1.400000000000000000e+03,1.967066929662462087e+02,1.931809175781818908e+02,nan
1.600000000000000000e+03,1.941054998356873966e+02,1.895672297094974681e+02,nan
1.800000000000000000e+03,1.984277914658872533e+02,1.906116470234506437e+02,1.931568039158802037e+02
2.000000000000000000e+03,1.996793482004295299e+02,1.938384007297836149e+02,1.939187711020485665e+02
2.200000000000000000e+03,2.016553790386471121e+02,1.944462422518729170e+02,1.934237337116245499e+02
2.400000000000000000e+03,1.996540049670756787e+02,1.924922153234455493e+02,1.944014810835469405e+02
2.600000000000000000e+03,2.006277991065152548e+02,1.946680040466769697e+02,1.945376710036864267e+02
2.800000000000000000e+03,2.023731511544355044e+02,1.971377371431121617e+02,1.945742339257178060e+02
3.000000000000000000e+03,2.009289660469890464e+02,1.919935336000154109e+02,1.934637084380195802e+02
3.200000000000000000e+03,2.008831048120198943e+02,1.957213222407133344e+02,1.940064122583282824e+02
3.400000000000000000e+03,2.024340942437103479e+02,1.986127576822533456e+02,1.949495437654616410e+02
3.600000000000000000e+03,2.060606884985189993e+02,2.007461838789230626e+02,1.949490134018982985e+02
3.800000000000000000e+03,2.042054154411952140e+02,2.011769212623583201e+02,1.956593279083853361e+02
4.000000000000000000e+03,2.027087252723509323e+02,1.999461060446989791e+02,1.949315940315579780e+02
4.200000000000000000e+03,2.051755572710717388e+02,2.034063851883708480e+02,1.946476348645087171e+02
4.400000000000000000e+03,2.086059068908382415e+02,2.038030166962712144e+02,1.952830305149464891e+02
4.600000000000000000e+03,2.028304202830594534e+02,2.001898353280474225e+02,1.940434123215560476e+02
4.800000000000000000e+03,2.041768630102211830e+02,1.984866004861414694e+02,1.929277583818777941e+02
5.000000000000000000e+03,2.034566369551248499e+02,1.971350758028983421e+02,1.927113894127572564e+02
5.200000000000000000e+03,2.082340336522485700e+02,2.033797908613587424e+02,1.930279997183371279e+02
5.400000000000000000e+03,2.086247010717806631e+02,2.018524685465130801e+02,1.912235906051498091e+02
5.600000000000000000e+03,2.016268151985709096e+02,1.957394074979185064e+02,1.900781707274964560e+02
5.800000000000000000e+03,2.056480986738117736e+02,1.981887273502151459e+02,1.896196281970533164e+02
6.000000000000000000e+03,2.110342456487232425e+02,2.024845474455462693e+02,1.886476577824036553e+02
6.200000000000000000e+03,2.050615255481649797e+02,1.985918920173143363e+02,1.891131879478301698e+02
6.400000000000000000e+03,2.031102731345499706e+02,1.982199697377326117e+02,1.889717354851195523e+02
6.600000000000000000e+03,2.094508729865956411e+02,2.036194598836132457e+02,1.891684950169428419e+02
6.800000000000000000e+03,2.091654596600817513e+02,1.996331983598308852e+02,1.892640890842814940e+02
7.000000000000000000e+03,2.013238343580090088e+02,1.954330527241037601e+02,1.896915397827487197e+02
7.200000000000000000e+03,2.068208782794455090e+02,1.984119678139844609e+02,1.887939275553645473e+02
7.400000000000000000e+03,2.085129562066132110e+02,2.031311996224256688e+02,1.886880022629431437e+02
7.600000000000000000e+03,2.128831435405954835e+02,2.082415863418037816e+02,1.870696623685907127e+02
7.800000000000000000e+03,2.101849204940749871e+02,2.019171874697294982e+02,1.888156835542207261e+02
8.000000000000000000e+03,2.135007765410902323e+02,2.016563509809799370e+02,1.891845695453490350e+02
8.200000000000000000e+03,2.159110474174992476e+02,2.038491923867736659e+02,1.886586051792755256e+02
8.400000000000000000e+03,2.129999566624533998e+02,2.011207434584646023e+02,1.936988904691459084e+02
8.600000000000000000e+03,2.129692581860779512e+02,2.053264373280559880e+02,1.939257337856496122e+02
8.800000000000000000e+03,2.131085399424853506e+02,2.074676447463234865e+02,1.952431580995740035e+02
9.000000000000000000e+03,2.099396953256920142e+02,2.076067438336213797e+02,1.978196456785865962e+02
9.200000000000000000e+03,2.110001851406968285e+02,2.074128338972066956e+02,1.985811478293966843e+02
9.400000000000000000e+03,2.072185181355206964e+02,2.029204377763439879e+02,1.983940262726358412e+02
9.600000000000000000e+03,2.057289994281737791e+02,2.039254356793320824e+02,1.987964805261932781e+02
9.800000000000000000e+03,2.063658580390880672e+02,2.025707597424905941e+02,1.986422699442926216e+02
1.000000000000000000e+04,2.090383553678829003e+02,2.055391909828352368e+02,1.987729148802124826e+02
1.020000000000000000e+04,2.105933411180183725e+02,2.097255089190126398e+02,1.984447973545892125e+02
1.040000000000000000e+04,2.116517016543539569e+02,2.111641557918578656e+02,1.984434763874049565e+02
1.060000000000000000e+04,2.130085566299451045e+02,2.126376714266470742e+02,1.977951791533731125e+02
1.080000000000000000e+04,2.127013977421488562e+02,2.122152470463440750e+02,1.978529825573847916e+02
1.100000000000000000e+04,2.153226502082444256e+02,2.107732897807722736e+02,1.925708799271135376e+02
1.120000000000000000e+04,2.213864330355876007e+02,2.136687671345811452e+02,1.884262557588196501e+02
1.140000000000000000e+04,2.173211868701674518e+02,2.134870517415551774e+02,1.987977971911685984e+02
1.160000000000000000e+04,2.143210104768437247e+02,2.064077961865280315e+02,2.002386969660052216e+02
1.180000000000000000e+04,2.148319098677872319e+02,2.102151299739544754e+02,1.992424257301912576e+02
1.200000000000000000e+04,2.144752924817674398e+02,2.090781651587905685e+02,1.988106420434052097e+02
1.220000000000000000e+04,2.143720727578516403e+02,2.091312741265126931e+02,2.003178041661468853e+02
1.240000000000000000e+04,2.181345881011342271e+02,2.139209736541490372e+02,1.985789369929147767e+02
1.260000000000000000e+04,2.215485191746965086e+02,2.177685703793858636e+02,1.973803224288033960e+02
1.280000000000000000e+04,2.219946157075393103e+02,2.136600285394438288e+02,1.976297264912877267e+02
1.300000000000000000e+04,2.206102212414044175e+02,2.089348244168057818e+02,1.984226264880389294e+02
1.320000000000000000e+04,2.194256587846075490e+02,2.111908601167771167e+02,2.027857571220122566e+02
1.340000000000000000e+04,2.219979910500546794e+02,2.100225133123612409e+02,1.994064159097284801e+02
1.360000000000000000e+04,2.185693102729669590e+02,2.032516877573536647e+02,2.057562571593554424e+02
1.380000000000000000e+04,2.182506676735860651e+02,2.069763749625522848e+02,2.080063178576001519e+02
1.400000000000000000e+04,2.173527179090297921e+02,2.120219072920669134e+02,2.105591182723765087e+02
1.420000000000000000e+04,2.148747626931456125e+02,2.037191259075869993e+02,2.123425864148475171e+02
1.440000000000000000e+04,2.130400723107115368e+02,2.065235534315375787e+02,2.123789132401658435e+02
1.460000000000000000e+04,2.123560721931801822e+02,1.990716645479878082e+02,2.123509094667212480e+02
1.480000000000000000e+04,2.104544792397314836e+02,2.028568919109422097e+02,2.090374030658550737e+02
1.500000000000000000e+04,2.089382261067345041e+02,1.932013400540354269e+02,2.053961842973630780e+02
1.520000000000000000e+04,2.061123171074521281e+02,1.922527805910892198e+02,1.914028719480406551e+02
1.540000000000000000e+04,2.048149952039898665e+02,1.934670520427035854e+02,1.897114425765425381e+02
1.560000000000000000e+04,2.043127829407937384e+02,1.930335093231873884e+02,1.921524688544499782e+02
1.580000000000000000e+04,2.023202611587607578e+02,1.871979632484263334e+02,1.863369347648313123e+02
1.600000000000000000e+04,1.993761511699561879e+02,1.913815651935187532e+02,1.759709346677653627e+02
1.620000000000000000e+04,1.982952360640153699e+02,1.896174366314179736e+02,1.760537644561790955e+02
1.640000000000000000e+04,1.953157188402842905e+02,1.851787480021709769e+02,1.707815689614885457e+02
1.660000000000000000e+04,1.934447398511540825e+02,1.799246780358827209e+02,1.715964133546009975e+02
1.680000000000000000e+04,1.899880847314572634e+02,1.803648657482118551e+02,1.684349317855327968e+02
1.700000000000000000e+04,1.902421481884725551e+02,1.817136318642742765e+02,1.740828959497340520e+02
1.720000000000000000e+04,1.907677788279244169e+02,1.768399980629044705e+02,1.797136758068941447e+02
1.740000000000000000e+04,1.917699823227957268e+02,1.784669407675642105e+02,1.829784224057553104e+02
1.760000000000000000e+04,1.927592948705714377e+02,1.830073788774839443e+02,1.865403482205845194e+02
1.780000000000000000e+04,1.926700005532157149e+02,1.823593828401988901e+02,1.871628391519381864e+02
1.800000000000000000e+04,1.910565164700992682e+02,1.808463362608497675e+02,1.859022459067648754e+02
1.820000000000000000e+04,1.903698652871219394e+02,1.804883470078834193e+02,1.852094531984689638e+02
1.840000000000000000e+04,1.900927107401074636e+02,1.778441605510672048e+02,1.863646536624187036e+02
1.860000000000000000e+04,1.917104765887632709e+02,1.773260629996828470e+02,1.902373794008089760e+02
1.880000000000000000e+04,1.926577172118432486e+02,1.778402607244026683e+02,1.921875206674487799e+02
1.900000000000000000e+04,1.894485196153337938e+02,1.771074066118673898e+02,1.879727453537085182e+02
1.920000000000000000e+04,1.899566298463879548e+02,1.797932415126247747e+02,1.891606038358462456e+02
1.940000000000000000e+04,1.872358788129987772e+02,1.746115146377905205e+02,1.855772042510588449e+02
1.960000000000000000e+04,1.842986790758677671e+02,1.763303391693447963e+02,1.811783213219518700e+02
1.980000000000000000e+04,1.851810290036432320e+02,1.743878153377575302e+02,1.831023340446150769e+02
2.000000000000000000e+04,1.847193442380648492e+02,1.763434118991782782e+02,1.825333770682057377e+02
2.020000000000000000e+04,1.844473546314659416e+02,1.734538699224683853e+02,1.824989807250576064e+02
2.040000000000000000e+04,1.847218717340804517e+02,1.768270199715536819e+02,1.830120888401896480e+02
2.060000000000000000e+04,1.854633920878385709e+02,1.746098223770078732e+02,1.844003894459886226e+02
2.080000000000000000e+04,1.859163759321711780e+02,1.800530606101987701e+02,1.854042751186809141e+02
2.100000000000000000e+04,1.853709528499432508e+02,1.765066032325401295e+02,1.849162668925185926e+02
2.120000000000000000e+04,1.868779406933585108e+02,1.737592279772328254e+02,1.868767504405871023e+02
2.140000000000000000e+04,1.844362273838663953e+02,1.703804065891258972e+02,1.840892754397591489e+02
2.160000000000000000e+04,1.834382848382062434e+02,1.681522679995230192e+02,1.822572944774051109e+02
2.180000000000000000e+04,1.823907842394050078e+02,1.673064443832086567e+02,1.806676119378261092e+02
2.200000000000000000e+04,1.810563326490692759e+02,1.697526274501750549e+02,1.780841033564594511e+02
2.220000000000000000e+04,1.809302728672073215e+02,1.741876403996648719e+02,1.778576859587874708e+02
2.240000000000000000e+04,1.783191816935387521e+02,1.700400420033959961e+02,1.725068616389017109e+02
2.260000000000000000e+04,1.792352604404267424e+02,1.697335772981612081e+02,1.752197868900968842e+02
2.280000000000000000e+04,1.775391656382230963e+02,1.649817597902746797e+02,1.713510737080554236e+02
2.300000000000000000e+04,1.768504385187218304e+02,1.644091897042680728e+02,1.695662547110422906e+02
2.320000000000000000e+04,1.761419306036145827e+02,1.620995191064946539e+02,1.675844469466413500e+02
2.340000000000000000e+04,1.752122255085967311e+02,1.603956649836330541e+02,1.655544998261286196e+02
2.360000000000000000e+04,1.751599154702374221e+02,1.621042553296627773e+02,1.679341556670546822e+02
2.380000000000000000e+04,1.738534010503400395e+02,1.613233916715592215e+02,1.592467875412705780e+02
2.400000000000000000e+04,1.723742685211882986e+02,1.607135473190368486e+02,1.595176450948769116e+02
2.420000000000000000e+04,1.699801446886102383e+02,1.584344557863938974e+02,1.551779602253772907e+02
2.440000000000000000e+04,1.695790410684456333e+02,1.540310672161833736e+02,1.600025366076305318e+02
2.460000000000000000e+04,1.693309800533671989e+02,1.522262746987392461e+02,1.602806405283738513e+02
2.480000000000000000e+04,1.693682712903735705e+02,1.525450619210314755e+02,1.615418851638818012e+02
2.500000000000000000e+04,1.677954247277228035e+02,1.512699902008837398e+02,1.571468741875048920e+02
2.520000000000000000e+04,1.666093281449920198e+02,1.515828216720188948e+02,1.562426397991422675e+02
2.540000000000000000e+04,1.662395419658486730e+02,1.500772805614400909e+02,1.555559245661742978e+02
2.560000000000000000e+04,1.655140164702673360e+02,1.474868771622884083e+02,1.526522635551791041e+02
2.580000000000000000e+04,1.655011476126536820e+02,1.509206659785255340e+02,1.504166304628039654e+02
2.600000000000000000e+04,1.639976017942546207e+02,1.476612756582919417e+02,1.486910203688191530e+02
2.620000000000000000e+04,1.639376249530671714e+02,1.473009713914421752e+02,1.494179230091931174e+02
2.640000000000000000e+04,1.638189644271826353e+02,1.412772785422243658e+02,1.513409946064872997e+02
2.660000000000000000e+04,1.641697597241983715e+02,1.441070927508959016e+02,1.550637163334368154e+02
2.680000000000000000e+04,1.619318202573088854e+02,1.445033081023682939e+02,1.477279010075873771e+02
2.700000000000000000e+04,1.604118993957003170e+02,1.389830951328838182e+02,1.433891063711286904e+02
2.720000000000000000e+04,1.605527713812153934e+02,1.430941642115923855e+02,1.474744413915092025e+02
2.740000000000000000e+04,1.602788849068721220e+02,1.456293692454426605e+02,1.483118980433668241e+02
2.760000000000000000e+04,1.607787925670603215e+02,1.455067728563530238e+02,1.511449526624211614e+02
2.780000000000000000e+04,1.603681476465966114e+02,1.445649371720339218e+02,1.509470260244940505e+02
2.800000000000000000e+04,1.591682777860934834e+02,1.454953752892774332e+02,1.497547451232973117e+02
2.820000000000000000e+04,1.591109949655582341e+02,1.472607085522313355e+02,1.497438131868076709e+02
2.840000000000000000e+04,1.577935085521726251e+02,1.468086690451708591e+02,1.482462069369377957e+02
2.860000000000000000e+04,1.573919000312267826e+02,1.480358703616010416e+02,1.492288137718547034e+02
2.880000000000000000e+04,1.560016923706716625e+02,1.457714598980475671e+02,1.470991958489309752e+02
2.900000000000000000e+04,1.561823630306761856e+02,1.449080925000842512e+02,1.484480181017640632e+02
2.920000000000000000e+04,1.560950353115804035e+02,1.473739554525476763e+02,1.496958489286034251e+02
2.940000000000000000e+04,1.551137566023508327e+02,1.452855685740428555e+02,1.482162314038541524e+02
2.960000000000000000e+04,1.547601227449008263e+02,1.448223309155821141e+02,1.479688660228231640e+02
2.980000000000000000e+04,1.542150279060812181e+02,1.433090155058627033e+02,1.480096153780904729e+02
3.000000000000000000e+04,1.545939857985148933e+02,1.440713187319148005e+02,1.499881144818999985e+02
3.020000000000000000e+04,1.551766340826065118e+02,1.441490228130827234e+02,1.509535007123947992e+02
3.040000000000000000e+04,1.547400199208585434e+02,1.436510571841657509e+02,1.509640389148220549e+02
3.060000000000000000e+04,1.542680316382200658e+02,1.469124271190360673e+02,1.500423173237005585e+02
3.080000000000000000e+04,1.536436539636102907e+02,1.464769333266164608e+02,1.500027513153520431e+02
3.100000000000000000e+04,1.528172524102026273e+02,1.465999737150861790e+02,1.494809266379175483e+02
3.120000000000000000e+04,1.530462968229844307e+02,1.461203583523223131e+02,1.498646061759070278e+02
3.140000000000000000e+04,1.529889013666741846e+02,1.453377717884005165e+02,1.498607884847100138e+02
3.160000000000000000e+04,1.533517955422957186e+02,1.449112795538356124e+02,1.507143984961022340e+02
3.180000000000000000e+04,1.532464051189248551e+02,1.458737920245536372e+02,1.509820823815027495e+02
3.200000000000000000e+04,1.534456901675572169e+02,1.471089568577302202e+02,1.519383332103262205e+02
3.220000000000000000e+04,1.525998294290363617e+02,1.464981748024049182e+02,1.512692128973389458e+02
3.240000000000000000e+04,1.530669978497304839e+02,1.472741778680019138e+02,1.520620833599814148e+02
3.260000000000000000e+04,1.528548760394915007e+02,1.462874125674504739e+02,1.521196441577320400e+02
3.280000000000000000e+04,1.527276792412289126e+02,1.484790174956062003e+02,1.519456882090697150e+02
3.300000000000000000e+04,1.519824908424068894e+02,1.495137658972363113e+02,1.512285028352090706e+02
3.320000000000000000e+04,1.521094140021276928e+02,1.482211430714768312e+02,1.515626103905659079e+02
3.340000000000000000e+04,1.515655513433129045e+02,1.496717499990776901e+02,1.510409122052491000e+02
3.360000000000000000e+04,1.510188130220338110e+02,1.491348853589693704e+02,1.503673239028022692e+02
3.380000000000000000e+04,1.500180569101759147e+02,1.486113270655383474e+02,1.492946606540422749e+02
3.400000000000000000e+04,1.497011088886428070e+02,1.490582192983205516e+02,1.491219064693067651e+02
3.420000000000000000e+04,1.509504846991507065e+02,1.497423232262399324e+02,1.506406811742434400e+02
3.440000000000000000e+04,1.507597028803893124e+02,1.501183174536294302e+02,1.504532089635330578e+02
3.460000000000000000e+04,1.507331865194374814e+02,1.497031628238592020e+02,1.505729673646049775e+02
3.480000000000000000e+04,1.502252659269246635e+02,1.484117826292443567e+02,1.501384287018784676e+02
3.500000000000000000e+04,1.499455446043110669e+02,1.466822716083273690e+02,1.498299570897869444e+02
3.520000000000000000e+04,1.492170683565825016e+02,1.481680575248670948e+02,1.490226014072388239e+02
3.540000000000000000e+04,1.492404958346110107e+02,1.480393229804566317e+02,1.491886473396432962e+02
3.560000000000000000e+04,1.490180249527778358e+02,1.464782100480343274e+02,1.489846810947336735e+02
3.580000000000000000e+04,1.487058889108838002e+02,1.456536889578268301e+02,1.486504505228638209e+02
3.600000000000000000e+04,1.486154575365178800e+02,1.469462300023394050e+02,1.485167106715618388e+02
3.620000000000000000e+04,1.486727088331816731e+02,1.467645182590827915e+02,1.485834613424049451e+02
3.640000000000000000e+04,1.483079938986982427e+02,1.464318715274937404e+02,1.481536163548880438e+02
3.660000000000000000e+04,1.487127970441369769e+02,1.461836160527126651e+02,1.486747901844390469e+02
3.680000000000000000e+04,1.483458744528165312e+02,1.460841082608252464e+02,1.482900426108315060e+02
3.700000000000000000e+04,1.476917018202362328e+02,1.454235916394875971e+02,1.474721440128525671e+02
3.720000000000000000e+04,1.480328672620052259e+02,1.466424247139862018e+02,1.479834646539250116e+02
3.740000000000000000e+04,1.474538930674096378e+02,1.449767705838025904e+02,1.473720631148110840e+02
3.760000000000000000e+04,1.479127337531965338e+02,1.440937666249801055e+02,1.479125534274375013e+02
3.780000000000000000e+04,1.480681153768970830e+02,1.443532862391361959e+02,1.480680287174131706e+02
3.800000000000000000e+04,1.479065724485246278e+02,1.426597651455235507e+02,1.479065693817572082e+02
3.820000000000000000e+04,1.470921689552838814e+02,1.432244084325832887e+02,1.470178082808055535e+02
3.840000000000000000e+04,1.469501282943054434e+02,1.408922145793829372e+02,1.469051681798972027e+02
3.860000000000000000e+04,1.468640560205803638e+02,1.433425251731663082e+02,1.467831680035362751e+02
3.880000000000000000e+04,1.470675514527383996e+02,1.415791992531953838e+02,1.470576340646803430e+02
3.900000000000000000e+04,1.467046009439492309e+02,1.413382484344909074e+02,1.466950282476032896e+02
3.920000000000000000e+04,1.473746366504764467e+02,1.398993688746098485e+02,1.473177836095991324e+02
3.940000000000000000e+04,1.474262010260848115e+02,1.400277052513855267e+02,1.473638919808343530e+02
3.960000000000000000e+04,1.475446837943115952e+02,1.400861160725742423e+02,1.474450004257604121e+02
3.980000000000000000e+04,1.471444756443786730e+02,1.357459285269573570e+02,1.471099025007436012e+02
4.000000000000000000e+04,1.470340496096399079e+02,1.368510786367117475e+02,1.470195139826026889e+02
4.020000000000000000e+04,1.469468347015446454e+02,1.380376533336522300e+02,1.469314172445607483e+02
4.040000000000000000e+04,1.464831461342886314e+02,1.399553560038907563e+02,1.464774930444939400e+02
4.060000000000000000e+04,1.458906418545561507e+02,1.399525560028873770e+02,1.458457307839198904e+02
4.080000000000000000e+04,1.460168293124473280e+02,1.390928226491318185e+02,1.459840874043840984e+02
4.100000000000000000e+04,1.455967489636043126e+02,1.375137439886986215e+02,1.454553985934951186e+02
4.120000000000000000e+04,1.454492335888155878e+02,1.391867816282796468e+02,1.452336727470409699e+02
4.140000000000000000e+04,1.453128537214290077e+02,1.370360057624635317e+02,1.451908992917885257e+02
4.160000000000000000e+04,1.450136478391732737e+02,1.362488955248514912e+02,1.448751622253508344e+02
4.180000000000000000e+04,1.448015780116503493e+02,1.329336175307447263e+02,1.445738115353900071e+02
4.200000000000000000e+04,1.445899236635613931e+02,1.308005800331039552e+02,1.442350587556838377e+02
4.220000000000000000e+04,1.442361646154026289e+02,1.321831595293141959e+02,1.434851420766437968e+02
4.240000000000000000e+04,1.437951859670556019e+02,1.324202004801972521e+02,1.429884521763537180e+02
4.260000000000000000e+04,1.437676210703895947e+02,1.277134530418783953e+02,1.431333622929989247e+02
4.280000000000000000e+04,1.433387709079436831e+02,1.268878115313247434e+02,1.421803375667514615e+02
4.300000000000000000e+04,1.430767880649694916e+02,1.290531248337668160e+02,1.410881441593032832e+02
4.320000000000000000e+04,1.428946501983130872e+02,1.283768986039105755e+02,1.413862295900256925e+02
4.340000000000000000e+04,1.423762650515045607e+02,1.298493770460917460e+02,1.402526296677559401e+02
4.360000000000000000e+04,1.420021392173334789e+02,1.277157949004183877e+02,1.395282039909504590e+02
4.380000000000000000e+04,1.417077072709382719e+02,1.265837651214172581e+02,1.391452567940717415e+02
4.400000000000000000e+04,1.413102851883959090e+02,1.219807484641438435e+02,1.388174615376883310e+02
4.420000000000000000e+04,1.409917491521196382e+02,1.234654805965104032e+02,1.376204476753993333e+02
4.440000000000000000e+04,1.404381673669251143e+02,1.263512523623250559e+02,1.356594471261835793e+02
4.460000000000000000e+04,1.402375023592164212e+02,1.284305303409210808e+02,1.343288331675987024e+02
4.480000000000000000e+04,1.391466197443323551e+02,1.293764477418231422e+02,1.326001506196567163e+02
4.500000000000000000e+04,1.383760490444870186e+02,1.296986032720123774e+02,1.313571069678550600e+02
4.520000000000000000e+04,1.375925463086190632e+02,1.297021114316926571e+02,1.284918222785187254e+02
4.540000000000000000e+04,1.375630922316291560e+02,1.290199192334734448e+02,1.285288558310848259e+02
4.560000000000000000e+04,1.374228910899161633e+02,1.297556160533920888e+02,1.284073732431204746e+02
4.580000000000000000e+04,1.367385273467374986e+02,1.271585534718879984e+02,1.276610241961339796e+02
4.600000000000000000e+04,1.371793694707141071e+02,1.236140915447646620e+02,1.299141371517258960e+02
4.620000000000000000e+04,1.364085483154805161e+02,1.209752481604803478e+02,1.291455767833491279e+02
4.640000000000000000e+04,1.361427321999242963e+02,1.140804208006976808e+02,1.304823156242847801e+02
4.660000000000000000e+04,1.356162619652186550e+02,1.104888177369520434e+02,1.302581353679811684e+02
4.680000000000000000e+04,1.349870231133861580e+02,1.117764116953927953e+02,1.285481808105160439e+02
4.700000000000000000e+04,1.343472926778897261e+02,1.127667755723715999e+02,1.269892975611457899e+02
4.720000000000000000e+04,1.345189125497441296e+02,1.128686780715754310e+02,1.279303816037231485e+02
4.740000000000000000e+04,1.341354403891817526e+02,1.140455983451914364e+02,1.270730417940068264e+02
4.760000000000000000e+04,1.338418628572452462e+02,1.144189553477251309e+02,1.268557877734530592e+02
4.780000000000000000e+04,1.334499294262026865e+02,1.131678395241837904e+02,1.254711606545204319e+02
4.800000000000000000e+04,1.334561354086999643e+02,1.131715164665511111e+02,1.261884048626273511e+02
4.820000000000000000e+04,1.330210291806501743e+02,1.135527879842843646e+02,1.249057892730479153e+02
4.840000000000000000e+04,1.327977522223430071e+02,1.104333934726898292e+02,1.244105239186710037e+02
4.860000000000000000e+04,1.324826197097492013e+02,1.100888053333261496e+02,1.238042529335787663e+02
4.880000000000000000e+04,1.324549776408252058e+02,1.106717315670766624e+02,1.233363321399952497e+02
4.900000000000000000e+04,1.322447441459106301e+02,1.110294222680382177e+02,1.232863706568059570e+02
4.920000000000000000e+04,1.319272807163772825e+02,1.084954835616973980e+02,1.237508541572983916e+02
4.940000000000000000e+04,1.315957540794628358e+02,1.065251912481650578e+02,1.242427184907667197e+02
4.960000000000000000e+04,1.313663811878936372e+02,1.075861677170674966e+02,1.238262063024278916e+02
4.980000000000000000e+04,1.307985073696382017e+02,1.035598778858240081e+02,1.221611912112629312e+02
5.000000000000000000e+04,1.301251353440848675e+02,1.000675412889177665e+02,1.201671705789716924e+02
5.020000000000000000e+04,1.293088323730805769e+02,9.865534190612153509e+01,1.186935432503856447e+02
5.040000000000000000e+04,1.288793395282181677e+02,9.906113495752939002e+01,1.171576780788893188e+02
5.060000000000000000e+04,1.278195997906066879e+02,9.848952258187371456e+01,1.145243083058246185e+02
5.080000000000000000e+04,1.273042921605039908e+02,9.536711167480267193e+01,1.140914490904184930e+02
5.100000000000000000e+04,1.267375056419826791e+02,9.917061024597929020e+01,1.128090995494794271e+02
5.120000000000000000e+04,1.264223812931764428e+02,9.918776542547658437e+01,1.115773080618766357e+02
5.140000000000000000e+04,1.258053503542162019e+02,9.880942000146147564e+01,1.113975918509702154e+02
5.160000000000000000e+04,1.249794557550357865e+02,9.646903284010777213e+01,1.113944806706939659e+02
5.180000000000000000e+04,1.240949007352128604e+02,9.644885968489070649e+01,1.113579327464752282e+02
5.200000000000000000e+04,1.232004671671031133e+02,9.501115496099464508e+01,1.086609952553520486e+02
5.220000000000000000e+04,1.225309221056120066e+02,9.296914790931033679e+01,1.076904861575294206e+02
5.240000000000000000e+04,1.218758875161896924e+02,9.692680673504227684e+01,1.054813376193974221e+02
5.260000000000000000e+04,1.207619815200819176e+02,8.941739137159154893e+01,1.061939099436964540e+02
5.280000000000000000e+04,1.204949424878558091e+02,8.892129235285352706e+01,1.058398781618874551e+02
5.300000000000000000e+04,1.195733522515928655e+02,8.825375181056766394e+01,1.048547911063519962e+02
5.320000000000000000e+04,1.189327346818673306e+02,9.002993434729698663e+01,1.036928285179084526e+02
5.340000000000000000e+04,1.180910534004001562e+02,8.594857278199259554e+01,1.025902881544146084e+02
5.360000000000000000e+04,1.173716169087020376e+02,8.849424404292346935e+01,1.012463047362008837e+02
5.380000000000000000e+04,1.162868460527334662e+02,9.105095764784989854e+01,9.999899763568895139e+01
5.400000000000000000e+04,1.149334851310032661e+02,9.058269755130670831e+01,9.774758496829346655e+01
5.420000000000000000e+04,1.142339749636147133e+02,8.585984578023328595e+01,9.574571919603775427e+01
5.440000000000000000e+04,1.140925225949740280e+02,8.648917223769880991e+01,9.514529932665611511e+01
5.460000000000000000e+04,1.130816962804642287e+02,8.246047467986528545e+01,9.362299731148523563e+01
5.480000000000000000e+04,1.118826980373468274e+02,8.959808983876369837e+01,9.415969556755888448e+01
5.500000000000000000e+04,1.118996152915805453e+02,8.337504835391165159e+01,9.243360231290161266e+01
5.520000000000000000e+04,1.107161026906810974e+02,8.243787743128652323e+01,9.094671274204843314e+01
5.540000000000000000e+04,1.108572908592481241e+02,8.000528411183235278e+01,8.996128613076604097e+01
5.560000000000000000e+04,1.097971617799346973e+02,7.979946250495068227e+01,8.780259853710310836e+01
5.580000000000000000e+04,1.092533289418190918e+02,8.141022870328046679e+01,8.875616806338989306e+01
5.600000000000000000e+04,1.091728650419407387e+02,8.211128087824624799e+01,8.678097588709749743e+01
5.620000000000000000e+04,1.085632928863996085e+02,8.099606276490438006e+01,8.666245095853716407e+01
5.640000000000000000e+04,1.080769897287870975e+02,8.150735228345078554e+01,8.574011049134560380e+01
5.660000000000000000e+04,1.068483998102236825e+02,7.943140800124572820e+01,8.489331948524544202e+01
5.680000000000000000e+04,1.063438542735788985e+02,7.575613599118153729e+01,8.606688194415906423e+01
5.700000000000000000e+04,1.060760843396350310e+02,7.720563143231420611e+01,8.598714124367658940e+01
5.720000000000000000e+04,1.054459770652409958e+02,7.614622081919117136e+01,8.546928407002945960e+01
5.740000000000000000e+04,1.049136024662323337e+02,7.568458113193536008e+01,8.551940724497499957e+01
5.760000000000000000e+04,1.042923983940687833e+02,7.666807993426328949e+01,8.444376604265259800e+01
5.780000000000000000e+04,1.038648232442723582e+02,7.675143225837946659e+01,8.370897948524003596e+01
5.800000000000000000e+04,1.036202715663610121e+02,7.724368167068361402e+01,8.360186231951749392e+01
5.820000000000000000e+04,1.028805604044222974e+02,7.769922739283271085e+01,8.301508312342470219e+01
5.840000000000000000e+04,1.016918457040713406e+02,7.845526430011108232e+01,8.204900914659528155e+01
5.860000000000000000e+04,1.008035966610012792e+02,7.809003520130947607e+01,8.153033444337481228e+01
5.880000000000000000e+04,9.956729763094405428e+01,7.769838618622631543e+01,8.117251919133585147e+01
5.900000000000000000e+04,9.896213062341466582e+01,7.675932218597748147e+01,8.021124921011542597e+01
5.920000000000000000e+04,9.790009644218925189e+01,7.598477832063953485e+01,8.125278300206878157e+01
5.940000000000000000e+04,9.716773382656955960e+01,7.523168397898561466e+01,8.159782795680305867e+01
5.960000000000000000e+04,9.558669631459129334e+01,7.636001801147891399e+01,8.097788305305358847e+01
5.980000000000000000e+04,9.503035919570508838e+01,7.654559796660215909e+01,8.164911432445110506e+01
6.000000000000000000e+04,9.448829141353765237e+01,7.607653587148980989e+01,8.126824957079290357e+01
6.020000000000000000e+04,9.397716296277683057e+01,7.638662556408793591e+01,8.088898719728256026e+01
6.040000000000000000e+04,9.280114066637133874e+01,7.582933825880699885e+01,8.039159969885284340e+01
6.060000000000000000e+04,9.185294645347995868e+01,7.757250825541444783e+01,7.979113433864193894e+01
6.080000000000000000e+04,9.101079941048135424e+01,7.888772901774321156e+01,7.984428026321448613e+01
6.100000000000000000e+04,9.064424368786716002e+01,7.266491257067397669e+01,7.942219869777855479e+01
6.120000000000000000e+04,8.993125713025659707e+01,7.357220374132317886e+01,7.821754490975506258e+01
6.140000000000000000e+04,8.898226753057005567e+01,7.261791732764467611e+01,7.777200773990081473e+01
6.160000000000000000e+04,8.860082722500618502e+01,7.351054022064788285e+01,7.753860736952941579e+01
6.180000000000000000e+04,8.814911144985205738e+01,7.438049309557227673e+01,7.770663890899822945e+01
6.200000000000000000e+04,8.781290690056896153e+01,7.394236177014218470e+01,7.752050462050202384e+01
6.220000000000000000e+04,8.700426639987097133e+01,7.180904177617556172e+01,7.777914254401630956e+01
6.240000000000000000e+04,8.642059943294231061e+01,7.072570289745927141e+01,7.845437911114274243e+01
6.260000000000000000e+04,8.639246177549428296e+01,6.893879109653607884e+01,7.858283399606820296e+01
6.280000000000000000e+04,8.512676105758858114e+01,7.433197448361903525e+01,7.853141730048672287e+01
6.300000000000000000e+04,8.443706516385991279e+01,7.872562970417170902e+01,7.815511107151685621e+01
6.320000000000000000e+04,8.442255885617716160e+01,7.472407299821202287e+01,7.758514055922363184e+01
6.340000000000000000e+04,8.413594082652480211e+01,7.099723770530975742e+01,7.711978939704088987e+01
6.360000000000000000e+04,8.348786256199349509e+01,6.911848466579937167e+01,7.681581955905173231e+01
6.380000000000000000e+04,8.260634781826207984e+01,7.560236626677118466e+01,7.682465232573387937e+01
6.400000000000000000e+04,8.246449640950817184e+01,7.657446271978595576e+01,7.681562121804611820e+01
6.420000000000000000e+04,8.248037699389175259e+01,7.373804459798979849e+01,7.671647287545324900e+01
6.440000000000000000e+04,8.215182240697328098e+01,6.932124267436432774e+01,7.643198612193364738e+01
6.460000000000000000e+04,8.169030217501089908e+01,6.746055491481550348e+01,7.594522918202420669e+01
6.480000000000000000e+04,8.129739280325625828e+01,7.544563393845264443e+01,7.621796413834216821e+01
6.500000000000000000e+04,8.070408719724643731e+01,7.888274649164628727e+01,7.583776616776115986e+01
6.520000000000000000e+04,8.024982104916989556e+01,7.753484703614178386e+01,7.524268206165788797e+01
6.540000000000000000e+04,7.986396391499020808e+01,7.862123889428799828e+01,7.511945745985867973e+01
6.560000000000000000e+04,7.965191929815821936e+01,7.725689150571837160e+01,7.491563312690428234e+01
6.580000000000000000e+04,7.920402692463324001e+01,7.321248166331521645e+01,7.418469187086822103e+01
6.600000000000000000e+04,7.889716765265265508e+01,7.645834005770987574e+01,7.415846990340858724e+01
6.620000000000000000e+04,7.904504184652668641e+01,6.775095746721135015e+01,7.368225984857211586e+01
6.640000000000000000e+04,7.877938628384552544e+01,6.354885534517476486e+01,7.361247936599531272e+01
6.660000000000000000e+04,7.820608966489906777e+01,6.240087993829031632e+01,7.322775394701253049e+01
6.680000000000000000e+04,7.723753978764085559e+01,6.850972144833011157e+01,7.249346794552845097e+01
6.700000000000000000e+04,7.665994988524761311e+01,6.059180873350260299e+01,7.175679072133334557e+01
6.720000000000000000e+04,7.635852144731551050e+01,5.915832093938126235e+01,7.164725229004395146e+01
6.740000000000000000e+04,7.613401625036111398e+01,6.319632886378060732e+01,7.158063683426547641e+01
6.760000000000000000e+04,7.616660949835160466e+01,4.985575112834088429e+01,7.121633775530442279e+01
6.780000000000000000e+04,7.585189771645680423e+01,5.121006808488218809e+01,7.120514582213357357e+01
6.800000000000000000e+04,7.488615123198600543e+01,5.209857960839529056e+01,7.015284202593905150e+01
6.820000000000000000e+04,7.402806349287571663e+01,7.062726465638800732e+01,6.974796839983649477e+01
6.840000000000000000e+04,7.349658852315437230e+01,6.894273104964649690e+01,6.905174376417950555e+01
6.860000000000000000e+04,7.338217536603950464e+01,6.307456218526578340e+01,6.832064422111538704e+01
6.880000000000000000e+04,7.307162300611594219e+01,5.670826837089684602e+01,6.790812713218609531e+01
6.900000000000000000e+04,7.239960181267818484e+01,5.726189038540334053e+01,6.705920691321941263e+01
6.920000000000000000e+04,7.264877301557746136e+01,4.324120904040414359e+01,6.654654837669546907e+01
6.940000000000000000e+04,7.281748001142871374e+01,5.090894739602322261e+01,6.503998592565855574e+01
6.960000000000000000e+04,7.202495081838280555e+01,5.091348891572395274e+01,6.579200547240439789e+01
6.980000000000000000e+04,7.202996317425591144e+01,4.789691843350669842e+01,6.457880196934078754e+01
7.000000000000000000e+04,7.135071611737815545e+01,4.279556032785401953e+01,6.410782838645204151e+01
7.020000000000000000e+04,7.072557327947598083e+01,4.326290487672025620e+01,6.427402733331554430e+01
7.040000000000000000e+04,7.013210135200429818e+01,3.914150203948825890e+01,6.293336028728700171e+01
7.060000000000000000e+04,6.922409154998652525e+01,3.981665986767735887e+01,6.250219687739016905e+01
7.080000000000000000e+04,6.856830702038634229e+01,5.331079459076141802e+01,6.293673925456334928e+01
7.100000000000000000e+04,6.840183082125867031e+01,3.791023806104552563e+01,6.100836944843670295e+01
7.120000000000000000e+04,6.790125647710294743e+01,3.755883049635055215e+01,6.038585949479377035e+01
7.140000000000000000e+04,6.735503897773401150e+01,3.730986070218031614e+01,6.019073953382604714e+01
7.160000000000000000e+04,6.674209244081663428e+01,3.859723540997002544e+01,6.006587222560677475e+01
7.180000000000000000e+04,6.571816235208852675e+01,4.692580437145917216e+01,5.997674747771475978e+01
7.200000000000000000e+04,6.543900823969082126e+01,3.540004991715679239e+01,5.817701651565361232e+01
7.220000000000000000e+04,6.517971650248242099e+01,3.612259125650340508e+01,5.773611027920578920e+01
7.240000000000000000e+04,6.445581528215767264e+01,3.380552054403568718e+01,5.595764075796195414e+01
7.260000000000000000e+04,6.352515021993577449e+01,3.339011358314738231e+01,5.493826984663266444e+01
7.280000000000000000e+04,6.308765704525021789e+01,3.862444701042806372e+01,5.368789439423910181e+01
7.300000000000000000e+04,6.292737768601272563e+01,3.642386057292489454e+01,5.330969891294370910e+01
7.320000000000000000e+04,6.171051734809994826e+01,3.813294786802735814e+01,5.284153316518829513e+01
7.340000000000000000e+04,6.118415648928944250e+01,3.580918427893456624e+01,5.163007617191320264e+01
7.360000000000000000e+04,6.040980733741388775e+01,3.972886127134236034e+01,5.111956077982794255e+01
7.380000000000000000e+04,5.947179614031284700e+01,3.694544528783205095e+01,5.069281489830703435e+01
7.400000000000000000e+04,5.833796794132515373e+01,3.469951128093305215e+01,4.883584002165707716e+01
7.420000000000000000e+04,5.755802804079035440e+01,3.546769136090070873e+01,4.839958084551086159e+01
7.440000000000000000e+04,5.696073856471305419e+01,3.519347792870119918e+01,4.780623021906407644e+01
7.460000000000000000e+04,5.644422269121381674e+01,3.373563201948606149e+01,4.600301915289411170e+01
7.480000000000000000e+04,5.538034989955331611e+01,4.005521055351480442e+01,4.668234897154476215e+01
7.500000000000000000e+04,5.406409207177470222e+01,3.700527405321528818e+01,4.490709225077449673e+01
7.520000000000000000e+04,5.344457474021557886e+01,2.997368891632215337e+01,4.291999929905952627e+01
7.540000000000000000e+04,5.265156354236550840e+01,2.977300343691552698e+01,4.246557236402591684e+01
7.560000000000000000e+04,5.142339212778789914e+01,2.943147390070825509e+01,4.096377105553686704e+01
7.580000000000000000e+04,5.080034180528488008e+01,3.311217678345038706e+01,4.165627270458500675e+01
7.600000000000000000e+04,5.032172571343430434e+01,2.888275843967499057e+01,4.005923019208566416e+01
7.620000000000000000e+04,5.015654093307173156e+01,2.922937617055075066e+01,3.938400012154586705e+01
7.640000000000000000e+04,4.942791999217649135e+01,2.951701082054006875e+01,4.014974424472952563e+01
7.660000000000000000e+04,4.821057520631952542e+01,3.015852953415286208e+01,3.930007991615499208e+01
7.680000000000000000e+04,4.771058025597756824e+01,2.778848484602997004e+01,3.773617181545224497e+01
7.700000000000000000e+04,4.666333780533915387e+01,2.715585028759431907e+01,3.742274978162134147e+01
7.720000000000000000e+04,4.587849362667306252e+01,2.555051641051578670e+01,3.624707196125719122e+01
7.740000000000000000e+04,4.536905102368143616e+01,2.601382575178445933e+01,3.520994690218129364e+01
7.760000000000000000e+04,4.497350489266172957e+01,2.707167658055788451e+01,3.460300997253319366e+01
7.780000000000000000e+04,4.452624868041161221e+01,2.784157499224533439e+01,3.348935094935257695e+01
7.800000000000000000e+04,4.456614025442029003e+01,2.828399188406748621e+01,3.252067214869743594e+01
7.820000000000000000e+04,4.359718693950078006e+01,2.584626832614028658e+01,3.339139738652583844e+01
7.840000000000000000e+04,4.331891564580340770e+01,2.661497787423670403e+01,3.389733102409498855e+01
7.860000000000000000e+04,4.196850973954391861e+01,2.452854599297946336e+01,3.271699731607680661e+01
7.880000000000000000e+04,4.089322502203266652e+01,2.426842297234261281e+01,3.150739537674116875e+01
7.900000000000000000e+04,3.961869177242386542e+01,2.707584338888071684e+01,3.052441230350580526e+01
7.920000000000000000e+04,3.881543832655378878e+01,2.389339681041196428e+01,3.088734513107674928e+01
7.940000000000000000e+04,3.843282599618171957e+01,2.299361706652542736e+01,3.021708155481504932e+01
7.960000000000000000e+04,3.741680913567049060e+01,2.277784072673206239e+01,2.983688405742688587e+01
7.980000000000000000e+04,3.637057760718535349e+01,2.208624438416315883e+01,2.930635095350446662e+01
8.000000000000000000e+04,3.528053099368769807e+01,1.907455345459797869e+01,2.931977305510748977e+01
8.020000000000000000e+04,3.413395241780092704e+01,1.896478577171641433e+01,2.868782525160571595e+01
8.040000000000000000e+04,3.354402920290149837e+01,1.904604940250433387e+01,2.794150524421783999e+01
8.060000000000000000e+04,3.291096088354193938e+01,1.760107710177089047e+01,2.681604989281711937e+01
8.080000000000000000e+04,3.243510426320307261e+01,2.141142008915299755e+01,2.646950039017508516e+01
8.100000000000000000e+04,3.223583168308010016e+01,1.920134914364375689e+01,2.599790179265779955e+01
8.120000000000000000e+04,3.135442718560903330e+01,1.996902439655836048e+01,2.513256771123455380e+01
8.140000000000000000e+04,3.122951112366864024e+01,2.080062209305388521e+01,2.481928307473266671e+01
8.160000000000000000e+04,3.088816671080966358e+01,1.831824616630673574e+01,2.466725593657144699e+01
8.180000000000000000e+04,3.035900699587567431e+01,1.657136472630335433e+01,2.457342928898218659e+01
8.200000000000000000e+04,3.008552477285365612e+01,1.947296730680714560e+01,2.385366240706741792e+01
8.220000000000000000e+04,2.998001960012981471e+01,1.940878060330861743e+01,2.348337962680126267e+01
8.240000000000000000e+04,2.926095243976414295e+01,1.909625918749997098e+01,2.302183247666126675e+01
8.260000000000000000e+04,2.861426795154392622e+01,1.868473006942673464e+01,2.229103406027402556e+01
8.280000000000000000e+04,2.808743765253353430e+01,1.889084395183194687e+01,2.151311374042421320e+01
8.300000000000000000e+04,2.745243824465034876e+01,1.660627894378833247e+01,2.129771820362946144e+01
8.320000000000000000e+04,2.714304404040855800e+01,1.747225219373862970e+01,2.143308308778815174e+01
8.340000000000000000e+04,2.606149203896005773e+01,1.415248522964030187e+01,2.137252166964774602e+01
8.360000000000000000e+04,2.537722438556368232e+01,1.292569029039331241e+01,2.136296685637720216e+01
8.380000000000000000e+04,2.531907231087859955e+01,1.179072768143881866e+01,2.079303890457551773e+01
8.400000000000000000e+04,2.486185205331134895e+01,1.150154847759436016e+01,2.045713301727985822e+01
8.420000000000000000e+04,2.403963057327742092e+01,1.275047253880601694e+01,1.997629567753644153e+01
8.440000000000000000e+04,2.338635003721103800e+01,1.282313124972165319e+01,1.978238817303229524e+01
8.460000000000000000e+04,2.249227211340256716e+01,1.150873439055054348e+01,1.876411291491614719e+01
8.480000000000000000e+04,2.229765523665579607e+01,1.098475859831970958e+01,1.832963305405674959e+01
8.500000000000000000e+04,2.133958752768725731e+01,1.010004627243191777e+01,1.793458309498592129e+01
8.520000000000000000e+04,2.072304975884473066e+01,9.494834793006376117e+00,1.723666887106764989e+01
8.540000000000000000e+04,2.014527532510678753e+01,9.042698342090361052e+00,1.684140432537394005e+01
8.560000000000000000e+04,1.916876737209472381e+01,1.000426686508877694e+01,1.616477614624329462e+01
8.580000000000000000e+04,1.962046688520609550e+01,9.983204040443066418e+00,1.545767458093362379e+01
8.600000000000000000e+04,1.955635467844211917e+01,1.133305591329772000e+01,1.431354546385711757e+01
8.620000000000000000e+04,1.921957576723595551e+01,1.073821177766920343e+01,1.370001757829488653e+01
8.640000000000000000e+04,1.814684157628710182e+01,9.213341824542668590e+00,1.363245588207834480e+01
8.660000000000000000e+04,1.775886136728183828e+01,9.320836743940684954e+00,1.313072567713427041e+01
8.680000000000000000e+04,1.697591217635443073e+01,8.642730663399127877e+00,1.266489250568341163e+01
8.700000000000000000e+04,1.613534311955276834e+01,8.689499465567060099e+00,1.250904183236887945e+01
8.720000000000000000e+04,1.489942903509630945e+01,8.760561200288663031e+00,1.219083732674882192e+01
8.740000000000000000e+04,1.458322165275416360e+01,8.187466479280944398e+00,1.180716081310789356e+01
8.760000000000000000e+04,1.371233213702737075e+01,7.819690486300227228e+00,1.150424609074046423e+01
8.780000000000000000e+04,1.296270743089208288e+01,8.290656314960557438e+00,1.127610437496047524e+01
8.800000000000000000e+04,1.289470937545389262e+01,8.080597756547293287e+00,1.093241594584467080e+01
8.820000000000000000e+04,1.302202705780476322e+01,8.982858549027282535e+00,1.137746482314345187e+01
8.840000000000000000e+04,1.279932895193372211e+01,8.287316329498661815e+00,1.121681003228542650e+01
8.860000000000000000e+04,1.254940879208272442e+01,7.943023731847040914e+00,1.091936946882260884e+01
8.880000000000000000e+04,1.227073198029896872e+01,7.442545011644508435e+00,1.041154329060898043e+01
8.900000000000000000e+04,1.186163683776639743e+01,7.050120754950088831e+00,1.004872184460149320e+01
8.920000000000000000e+04,1.164587877719731068e+01,7.273652946161977439e+00,9.510819408571270728e+00
8.940000000000000000e+04,1.132315251498797792e+01,7.161073707210761086e+00,9.591603435175771963e+00
8.960000000000000000e+04,1.075047194084041102e+01,7.278045552530996609e+00,9.011227174697577169e+00
8.980000000000000000e+04,1.109937382047380972e+01,7.781848552321873669e+00,8.682319278034496435e+00
9.000000000000000000e+04,1.063958483937577526e+01,7.616690638125003687e+00,8.277375409687778074e+00
9.020000000000000000e+04,9.962552985868786237e+00,7.396435194344806341e+00,8.725501472322516605e+00
9.040000000000000000e+04,9.892440238297895760e+00,7.174497818760542600e+00,8.802298355369659433e+00
9.060000000000000000e+04,9.361818626849752079e+00,7.341156993238646677e+00,8.436522368392658677e+00
9.080000000000000000e+04,9.030206220415012197e+00,7.386074156772673760e+00,8.136162831930041861e+00
9.100000000000000000e+04,8.975517074777531690e+00,7.472580929746411194e+00,7.996157882830199348e+00
9.120000000000000000e+04,8.595411885448028144e+00,7.348252511280993104e+00,7.777163334634936476e+00
9.140000000000000000e+04,8.400741576275507327e+00,7.398683166594048899e+00,7.606662639483329436e+00
9.160000000000000000e+04,8.440237533904733525e+00,7.157922307345245372e+00,7.674269394144998202e+00
9.180000000000000000e+04,8.267560751001362007e+00,7.136106849207416225e+00,7.680226251784128877e+00
9.200000000000000000e+04,8.172107749176893421e+00,7.077611105285280146e+00,7.730084410400356099e+00
9.220000000000000000e+04,8.095309088699336186e+00,7.186752834855467675e+00,7.705629283363237825e+00
9.240000000000000000e+04,8.018188065560945432e+00,6.908558439130461082e+00,7.788781078390047519e+00
9.260000000000000000e+04,8.010787822980875106e+00,6.712752681921623221e+00,7.719934296840714971e+00
9.280000000000000000e+04,7.817565817318929078e+00,6.485538084440444884e+00,7.567865280002190609e+00
9.300000000000000000e+04,7.606151375142065518e+00,6.456101614041878989e+00,7.344231365659081412e+00
9.320000000000000000e+04,7.359565270003518123e+00,6.588689899058230992e+00,6.968947623676473135e+00
9.340000000000000000e+04,7.200378722034562529e+00,6.489408815263478125e+00,6.760322472885945899e+00
9.360000000000000000e+04,7.129340779110608040e+00,6.133025575414031927e+00,6.788837770374994918e+00
9.380000000000000000e+04,7.085031177408323444e+00,6.053367842899714191e+00,6.726694313252600921e+00
9.400000000000000000e+04,7.027956627098656206e+00,5.583299334364183686e+00,6.792191497877789530e+00
9.420000000000000000e+04,6.821292792013184503e+00,5.819125196575756220e+00,6.727224141112722045e+00
9.440000000000000000e+04,6.704148980668100499e+00,5.552790248424827269e+00,6.569594044295920199e+00
9.460000000000000000e+04,6.682845228259533421e+00,5.542648215238948239e+00,6.511758939500174925e+00
9.480000000000000000e+04,6.512039045291783346e+00,5.354513473209669527e+00,6.403447978285650599e+00
9.500000000000000000e+04,6.364382352417297106e+00,5.315478113038945907e+00,6.322441391889241480e+00
9.520000000000000000e+04,6.265447092079655889e+00,4.094723590416420755e+00,6.183210042913767523e+00
9.540000000000000000e+04,6.202868896813725996e+00,5.378895026241014676e+00,6.156544111618605264e+00
9.560000000000000000e+04,6.107595406225494905e+00,4.645971788667147884e+00,6.031508719824421938e+00
9.580000000000000000e+04,6.033257948794628511e+00,4.609244434505127330e+00,5.947866376684742384e+00
9.600000000000000000e+04,5.915340181417003684e+00,3.816538887127246760e+00,5.768611835128442777e+00
9.620000000000000000e+04,5.757631423890136269e+00,3.832382340434823842e+00,5.592590439472787445e+00
9.640000000000000000e+04,5.566690268833880850e+00,3.152477475348594016e+00,5.460919911589469322e+00
9.660000000000000000e+04,5.442061411057280473e+00,4.059288960873884022e+00,5.389796725875288352e+00
9.680000000000000000e+04,5.374778955219850829e+00,3.382645334209399834e+00,5.247650416405876150e+00
9.700000000000000000e+04,5.330478236494709421e+00,3.424006968141395824e+00,5.112140854695905290e+00
9.720000000000000000e+04,5.185641117618028595e+00,3.948970878701408616e+00,4.473397118280797002e+00
9.740000000000000000e+04,5.065768669949346936e+00,3.129865487554710946e+00,4.684824356623932040e+00
9.760000000000000000e+04,4.872379046148505033e+00,3.317698389252176305e+00,3.889693100286609084e+00
9.780000000000000000e+04,4.696326538782409799e+00,3.060424040703493276e+00,4.264126995046058965e+00
9.800000000000000000e+04,4.665547458091591437e+00,2.603554878787293081e+00,4.100491488953485586e+00
9.820000000000000000e+04,4.557636554450002819e+00,3.322371510146483242e+00,3.076339712316288555e+00
9.840000000000000000e+04,4.465766924021209228e+00,3.119259514952177792e+00,3.965982344351745681e+00
9.860000000000000000e+04,4.315672055885132252e+00,2.953718578893564928e+00,3.881686305560634764e+00
9.880000000000000000e+04,4.225337782351743066e+00,2.510189014131710472e+00,3.999820901027102860e+00
9.900000000000000000e+04,3.994919361517262235e+00,2.271496296910356261e+00,3.698130200082875074e+00
9.920000000000000000e+04,3.936623989753840647e+00,2.079316309134447760e+00,3.689995261207917210e+00
9.940000000000000000e+04,3.796227148447691491e+00,2.738141543201324968e+00,3.077250186524148834e+00
9.960000000000000000e+04,3.700661006468377590e+00,1.892776808581844827e+00,3.081478222866163463e+00
9.980000000000000000e+04,3.580582120010113556e+00,2.035555776868491762e+00,2.389126512405570502e+00
1.000000000000000000e+05,3.468796985892522500e+00,1.507681900529838304e+00,3.082034927813885439e+00
1.002000000000000000e+05,3.323353846546080348e+00,1.448186707185493027e+00,2.701559230331701755e+00
1.004000000000000000e+05,3.163221122349429759e+00,1.695970706605485656e+00,3.000563673434463841e+00
1.006000000000000000e+05,3.149086211800707247e+00,1.325998155809005041e+00,2.718729957150875620e+00
1.008000000000000000e+05,3.053066573108662141e+00,1.336658895654368573e+00,2.374797539688731973e+00
1.010000000000000000e+05,3.003627769570683448e+00,1.416034543396902823e+00,2.034086173109499907e+00
1.012000000000000000e+05,2.840353269088093047e+00,1.636167987277540536e+00,1.831555074487163592e+00
1.014000000000000000e+05,2.739670699110086094e+00,1.569052920066979606e+00,1.597802315825358921e+00
1.016000000000000000e+05,2.630190948781214288e+00,1.368853026501223091e+00,1.641251287264589465e+00
1.018000000000000000e+05,2.432972249295354494e+00,1.530916287854280355e+00,1.517756868054003894e+00
1.020000000000000000e+05,2.429850347525646548e+00,1.405412951325240023e+00,1.411055320296095594e+00
1.022000000000000000e+05,2.387399146202660027e+00,1.386201213513558406e+00,1.384000125008604476e+00
1.024000000000000000e+05,2.261526531059388390e+00,1.526775092543660062e+00,1.780158666762865494e+00
1.026000000000000000e+05,2.112161216166694278e+00,1.528885497112592473e+00,1.729501275234254898e+00
1.028000000000000000e+05,2.011732405660698220e+00,1.387274066006296769e+00,1.411868009519219536e+00
1.030000000000000000e+05,1.883336690635515787e+00,1.280891395732122851e+00,1.292539090541287017e+00
1.032000000000000000e+05,1.805314826776933224e+00,1.175992829953299568e+00,1.351496105166060557e+00
1.034000000000000000e+05,1.785956666823242944e+00,1.212676335241378967e+00,1.298415978250458291e+00
1.036000000000000000e+05,1.564332529078532597e+00,1.071334860420432911e+00,1.343334556476992736e+00
1.038000000000000000e+05,1.516636006771808542e+00,1.054858759520469480e+00,1.296474207351983043e+00
1.040000000000000000e+05,1.394878766870990550e+00,9.644599155497428633e-01,1.168268510732330068e+00
1.042000000000000000e+05,1.260179514940250600e+00,8.926600346759893112e-01,1.073707809996643503e+00
1.044000000000000000e+05,1.222503811781319838e+00,9.757069003320094636e-01,1.041377254283419429e+00
1.046000000000000000e+05,1.171762415566745652e+00,9.919263488153692299e-01,1.042662358613539508e+00
1.048000000000000000e+05,1.130960887913625035e+00,9.502013473161787793e-01,9.982247745208355783e-01
1.050000000000000000e+05,1.107991366418856094e+00,8.972702355118556961e-01,1.017410817082684105e+00
1.052000000000000000e+05,1.082223937490742527e+00,8.897000131286165736e-01,9.684070301313980611e-01
1.054000000000000000e+05,1.081130943426249047e+00,9.074981126290370126e-01,9.815150456688087610e-01
1.056000000000000000e+05,1.053287203233684188e+00,8.528191858466365183e-01,9.913412614747039164e-01
1.058000000000000000e+05,9.768751912843580687e-01,7.846269635290513689e-01,9.083794595854947085e-01
1.060000000000000000e+05,9.945664724319158712e-01,8.000230587248503555e-01,9.242938303970590352e-01
1.062000000000000000e+05,9.979191427303327755e-01,8.043893266915279616e-01,9.107758801219348888e-01
1.064000000000000000e+05,9.674069278157398921e-01,8.164478068982943260e-01,8.654089182744509889e-01
1.066000000000000000e+05,9.445008052080664518e-01,7.805654885788285702e-01,8.638996496903446065e-01
1.068000000000000000e+05,9.320203902985495503e-01,7.443975538415660287e-01,8.728902276371196534e-01
1.070000000000000000e+05,8.893129280232552336e-01,7.187477768595551542e-01,8.617692101282953265e-01
1.072000000000000000e+05,8.805512856375378172e-01,7.255062229308935073e-01,8.676105786500778461e-01
1.074000000000000000e+05,8.480401535724091389e-01,6.986063657558794215e-01,8.067763815522296378e-01
1.076000000000000000e+05,8.013348843869019245e-01,6.405588569661708753e-01,7.706186112972152058e-01
1.078000000000000000e+05,7.933851386671050276e-01,6.165436198401458290e-01,7.750832569560796026e-01
1.080000000000000000e+05,7.866689458900408827e-01,6.337012998808564390e-01,7.790759911141162952e-01
1.082000000000000000e+05,7.908129747544987431e-01,6.357668467482413543e-01,7.671718595199977786e-01
1.084000000000000000e+05,7.629081145549843068e-01,6.183712432144125026e-01,7.402518546092804463e-01
1.086000000000000000e+05,7.306015694398974025e-01,5.738634031560331250e-01,7.001440670495361340e-01
1.088000000000000000e+05,7.190835370443818819e-01,6.009383107512801248e-01,7.042348432297853567e-01
1.090000000000000000e+05,7.273562527833909996e-01,5.637756242058894474e-01,7.165551478331346757e-01
1.092000000000000000e+05,7.193094210243216047e-01,5.743514785813916834e-01,7.120095628969662638e-01
1.094000000000000000e+05,7.026507018230040424e-01,5.738471341269996140e-01,6.902048629457997464e-01
1.096000000000000000e+05,6.956166978820026436e-01,5.734847160826873624e-01,6.844525589276817534e-01
1.098000000000000000e+05,6.834868531292116467e-01,5.878704518701928228e-01,6.733043591551775009e-01
1.100000000000000000e+05,6.676140418920256669e-01,5.523332430965647299e-01,6.448444839441802579e-01
1.102000000000000000e+05,6.365137347056464279e-01,4.982725101265281786e-01,6.195523203447586003e-01
1.104000000000000000e+05,6.192904926649825947e-01,4.213891751954542686e-01,6.099245675820487156e-01
1.106000000000000000e+05,5.891176324080218407e-01,4.062219059330455240e-01,5.695122381223894914e-01
1.108000000000000000e+05,5.467122931378948225e-01,3.613812075345567698e-01,5.367441231890848208e-01
1.110000000000000000e+05,5.296285498797013158e-01,3.829743345465422832e-01,5.257388064399748373e-01
1.112000000000000000e+05,5.418795996842604712e-01,4.050147540288281944e-01,5.403388501368531216e-01
1.114000000000000000e+05,5.229390821692576630e-01,3.587704133432405018e-01,5.099485479084299167e-01
1.116000000000000000e+05,5.125014411531946257e-01,3.526026161415485860e-01,5.018787773236789151e-01
1.118000000000000000e+05,5.003942162914489789e-01,3.493864085606352976e-01,4.815451064508136092e-01
1.120000000000000000e+05,4.951804383993981262e-01,3.399448920062755342e-01,4.761473019880885782e-01
1.122000000000000000e+05,4.750918822016137466e-01,3.415446001267831710e-01,4.503244932256906252e-01
1.124000000000000000e+05,4.526658719712236545e-01,2.886952362557414498e-01,4.257002184423845370e-01
1.126000000000000000e+05,4.439163288627542836e-01,2.811931498196801882e-01,4.249549791743264526e-01
1.128000000000000000e+05,4.279043816017081281e-01,2.169202153596105076e-01,4.069163000076082559e-01
1.130000000000000000e+05,4.111400722103438210e-01,1.951032783134671600e-01,3.922338520782552851e-01
1.132000000000000000e+05,4.102569117130183129e-01,1.693762505635191817e-01,3.957815272114321714e-01
1.134000000000000000e+05,3.911856761585621456e-01,2.397219143474061398e-01,3.610668611828183883e-01
1.136000000000000000e+05,3.667591947994299773e-01,1.526638081291016302e-01,3.462490249910975537e-01
1.138000000000000000e+05,3.607235515226640543e-01,1.811642600543299508e-01,3.438336737961969480e-01
1.140000000000000000e+05,3.382421074998268606e-01,1.450714640946972334e-01,3.160258409241746280e-01
1.142000000000000000e+05,3.347878406968525788e-01,1.507298044678360704e-01,3.135006771747712029e-01
1.144000000000000000e+05,3.253605553471136114e-01,1.588254151191475783e-01,3.136091616621504152e-01
1.146000000000000000e+05,3.109771100892501638e-01,1.565092778344002455e-01,2.961185394894949585e-01
1.148000000000000000e+05,3.016743947492414590e-01,1.755061012059643821e-01,2.950936667235445343e-01
1.150000000000000000e+05,3.013401190434354393e-01,1.363203805073586183e-01,2.880795981011249340e-01
1.152000000000000000e+05,2.949449006591372546e-01,1.298427168093251594e-01,2.672796890877665588e-01
1.154000000000000000e+05,2.863652482545415157e-01,1.224801043657199884e-01,2.637136265826814374e-01
1.156000000000000000e+05,2.727653744135092317e-01,1.190180698730704811e-01,2.330300538638682972e-01
1.158000000000000000e+05,2.524055248887089320e-01,1.556479631036186140e-01,2.033220007614324754e-01
1.160000000000000000e+05,2.451777065706773617e-01,1.456800917379639515e-01,2.197403805577940461e-01
1.162000000000000000e+05,2.298969897297946097e-01,1.354767765079862019e-01,1.865895526301306340e-01
1.164000000000000000e+05,2.163538026142235449e-01,9.158622267058053046e-02,1.035002056748824395e-01
1.166000000000000000e+05,1.999904082064529465e-01,9.679691539686148538e-02,1.148399116041216028e-01
1.168000000000000000e+05,1.923000531001765046e-01,8.814792755430064797e-02,1.006318122408910859e-01
1.170000000000000000e+05,2.007178973666126076e-01,1.018266161068945436e-01,1.481271221341013133e-01
1.172000000000000000e+05,1.837082274683951855e-01,9.774419069230537438e-02,9.066925062734491891e-02
1.174000000000000000e+05,1.720876542451799940e-01,9.375455399888396602e-02,9.693968098814305379e-02
1.176000000000000000e+05,1.578143203052102539e-01,7.344290996655362946e-02,5.474323435550491890e-02
1.178000000000000000e+05,1.604372774103623167e-01,7.828449612726562368e-02,9.881503535016855633e-02
1.180000000000000000e+05,1.401135758020479183e-01,7.564466380266610113e-02,1.027652740600902420e-01
1.182000000000000000e+05,1.250007595769576374e-01,6.310462771680380722e-02,6.166634845198385589e-02
1.184000000000000000e+05,1.085380960597826100e-01,5.366794785617196722e-02,4.692918858123926867e-02
1.186000000000000000e+05,1.088888252291770470e-01,5.030976517596957853e-02,4.987779218667194592e-02
1.188000000000000000e+05,1.123138634429654142e-01,3.263889367253438450e-02,6.941325638593949521e-02
1.190000000000000000e+05,1.083513042922872177e-01,3.053761728747944604e-02,7.044624709209595936e-02
1.192000000000000000e+05,1.056490626236919333e-01,3.071638619799439002e-02,6.466975414308116787e-02
1.194000000000000000e+05,1.008508490502971339e-01,2.660338793534430119e-02,5.689286816767058497e-02
1.196000000000000000e+05,9.125097737738857573e-02,3.156032442121500803e-02,5.987222118418498301e-02
1.198000000000000000e+05,7.545098480682392583e-02,2.199792787107386627e-02,3.907956990374002876e-02
1.200000000000000000e+05,6.497055715884092475e-02,1.866658458840868284e-02,3.456741233743826358e-02
1.202000000000000000e+05,6.962649854513315584e-02,2.568062447492248934e-02,4.534478597003404471e-02
1.204000000000000000e+05,6.202178611870958619e-02,2.170783984304014771e-02,3.636515108232802468e-02
1.206000000000000000e+05,6.334406689715671446e-02,2.646600433284373652e-02,4.134111652309027662e-02
1.208000000000000000e+05,5.426655411061211826e-02,1.963718761561755732e-02,3.302300461749207300e-02
1.210000000000000000e+05,5.039583623586199601e-02,2.137877442685312546e-02,3.263861726228550753e-02
1.212000000000000000e+05,4.390719186144866754e-02,2.670687371726209250e-02,3.307348114791845706e-02
1.214000000000000000e+05,4.584587333266286480e-02,1.643097769097296226e-02,2.310168064468354210e-02
1.216000000000000000e+05,4.828053343291697358e-02,1.788443970054984233e-02,3.581935556922084818e-02
1.218000000000000000e+05,3.574209538691543869e-02,1.778070036706171780e-02,2.712385586992636585e-02
1.220000000000000000e+05,3.603466518870489937e-02,1.021990899106355391e-02,1.957464695288601078e-02
1.222000000000000000e+05,3.448696271915802775e-02,1.108738141486663095e-02,1.800602013875211155e-02
1.224000000000000000e+05,3.280194669347667041e-02,9.858207006655928320e-03,1.718879565535811824e-02
1.226000000000000000e+05,3.643459206417379304e-02,1.062980302849456452e-02,2.256666223681116218e-02
1.228000000000000000e+05,3.474070850034911839e-02,1.099580842816044214e-02,2.367817568917961885e-02
1.230000000000000000e+05,2.813862858337115580e-02,1.209065713797149479e-02,1.866688817545496953e-02
1.232000000000000000e+05,2.742508416481000827e-02,1.003126254430228639e-02,1.999452172914897505e-02
1.234000000000000000e+05,2.301331032203137589e-02,9.893562502936164779e-03,1.918428890188362060e-02
1.236000000000000000e+05,2.086371537625136829e-02,9.042428150293760000e-03,1.763706117797866207e-02
1.238000000000000000e+05,1.989627338511783250e-02,8.586920521025132383e-03,1.502336997952764819e-02
1.240000000000000000e+05,2.064966764846986116e-02,6.646553171264402322e-03,1.360086735462100183e-02
1.242000000000000000e+05,1.875766823975829126e-02,5.726788155571545247e-03,1.091131450015038473e-02
1.244000000000000000e+05,1.758357802776624318e-02,5.452612940323973111e-03,9.505018327649016052e-03
1.246000000000000000e+05,1.456984278836600914e-02,4.016390399920271269e-03,7.833761020322588947e-03
1.248000000000000000e+05,1.216581482820785522e-02,3.590159984499603687e-03,7.885796795003592943e-03
1.250000000000000000e+05,1.183375428781918356e-02,4.045633306074108634e-03,8.608693919767373970e-03
1.252000000000000000e+05,1.217878197804978316e-02,5.173482343953787407e-03,1.048509743927117724e-02
1.254000000000000000e+05,1.250535788333786112e-02,3.399921017682741749e-03,1.002388751272323061e-02
1.256000000000000000e+05,1.071237924812556280e-02,2.555451758521182747e-03,7.667012282801555570e-03
1.258000000000000000e+05,1.104987866455494835e-02,2.789462606095714347e-03,6.737780783078898238e-03
1.260000000000000000e+05,1.040022825568660651e-02,2.843524295043362623e-03,7.552522822140883899e-03
1.262000000000000000e+05,7.565881287122183663e-03,2.825712072740826138e-03,6.948987648483055668e-03
1.264000000000000000e+05,7.319239815044050433e-03,2.369342694104815700e-03,6.598859477529972484e-03
1.266000000000000000e+05,6.343537555262041862e-03,2.546355074802517625e-03,5.955074381496215132e-03
1.268000000000000000e+05,6.266951010985882982e-03,2.786291715715831854e-03,6.200326586485624750e-03
1.270000000000000000e+05,7.581508793585493150e-03,2.688811432265048994e-03,7.432680402566831102e-03
1.272000000000000000e+05,6.702607942787932108e-03,2.948534462651324420e-03,6.654087474618342393e-03
1.274000000000000000e+05,6.651623455571201160e-03,2.285357729277954879e-03,6.609197704634099148e-03
1.276000000000000000e+05,6.063818447788513200e-03,2.223760390122155907e-03,5.742011207948189908e-03
1.278000000000000000e+05,6.054917583360024287e-03,2.410143299220142161e-03,6.010608629626898979e-03
1.280000000000000000e+05,5.106051277093888105e-03,2.149210307088240610e-03,5.094485551744278896e-03
1.282000000000000000e+05,4.647614643487047933e-03,1.714332814650939858e-03,4.646025316756216550e-03
1.284000000000000000e+05,4.179977342525917003e-03,1.716782527556675892e-03,4.053442674087326739e-03
1.286000000000000000e+05,3.498683809932857589e-03,1.470721399313793323e-03,3.157470404957012262e-03
1.288000000000000000e+05,3.930856171019001845e-03,1.442013770373988361e-03,3.726583032141943513e-03
1.290000000000000000e+05,3.197272766499198449e-03,1.180803937429582111e-03,3.197272570959185448e-03
1.292000000000000000e+05,2.672730794009447498e-03,9.715810008487833988e-04,2.649629300719924790e-03
1.294000000000000000e+05,2.633881878963036712e-03,7.107829913012458142e-04,2.534018128977915448e-03
1.296000000000000000e+05,2.607271164234996677e-03,7.322754833726762003e-04,2.330371006051797436e-03
1.298000000000000000e+05,2.288072576073333069e-03,5.243839128100170367e-04,2.283772985604413074e-03
1.300000000000000000e+05,2.092588062175032744e-03,5.673458884322987814e-04,1.956204594672284088e-03
1.302000000000000000e+05,1.988565511686352441e-03,6.451057098712499821e-04,1.376528569711940077e-03
1.304000000000000000e+05,2.224447652344429833e-03,7.799249477798141398e-04,2.028601896975598499e-03
1.306000000000000000e+05,1.960412685680233431e-03,5.979292055094112199e-04,1.778505616232581342e-03
1.308000000000000000e+05,1.796388194864951974e-03,6.163697763978726084e-04,1.522865429922906719e-03
1.310000000000000000e+05,1.668486032826189741e-03,5.851505990028485092e-04,1.433900706419409185e-03
1.312000000000000000e+05,1.945627718407866953e-03,5.946607012830166855e-04,1.940830957797605710e-03
1.314000000000000000e+05,1.402577105176045945e-03,6.241397761207373484e-04,1.333878449835391956e-03
1.316000000000000000e+05,1.210100401599033737e-03,7.011564408342121045e-04,9.473541466421936917e-04
1.318000000000000000e+05,8.293763336844941483e-04,6.011726242899934763e-04,7.265862422207779257e-04
1.320000000000000000e+05,9.421004062687990616e-04,4.983288224698476836e-04,7.756754593624964758e-04
1.322000000000000000e+05,1.209820799423396310e-03,6.045272499077034662e-04,1.209165257813561841e-03
1.324000000000000000e+05,1.112944003571816496e-03,6.118925628181596469e-04,1.099954614662951606e-03
1.326000000000000000e+05,8.165071748442867886e-04,4.406893476033833280e-04,7.446508591421853668e-04
1.328000000000000000e+05,7.231482987861168965e-04,3.476769871128194858e-04,7.019249640897386351e-04
1.330000000000000000e+05,6.067131728691893848e-04,3.695978437284131368e-04,5.475712167367058998e-04
1.332000000000000000e+05,7.555882217777958520e-04,3.015008814346050565e-04,7.329252406384035657e-04
1.334000000000000000e+05,7.792758976773046234e-04,3.399156527291282760e-04,7.602362640221208608e-04
1.336000000000000000e+05,7.190444497509918291e-04,3.078512579795370289e-04,6.883719697831388977e-04
1.338000000000000000e+05,5.998553459386537492e-04,3.393341276829060240e-04,5.968879699817732261e-04
1.340000000000000000e+05,6.279525838481562171e-04,3.273835677804014634e-04,6.279406409313587761e-04
1.342000000000000000e+05,7.079880727306039814e-04,2.818162680638451557e-04,6.874838426161189323e-04
1.344000000000000000e+05,5.944938026353081264e-04,2.651439004399998712e-04,5.580814977846198241e-04
1.346000000000000000e+05,3.805889375595113730e-04,1.838492461892403884e-04,3.779787095550730144e-04
1.348000000000000000e+05,4.828562077618519795e-04,2.254157004871671277e-04,4.812445402608055774e-04
1.350000000000000000e+05,5.437403140897802481e-04,2.114747730404418688e-04,5.112522250082985774e-04
1.352000000000000000e+05,7.137026368645890380e-04,2.354871417293939446e-04,4.824256689242139564e-04
1.354000000000000000e+05,5.322071851121415800e-04,1.664947622404074523e-04,4.467737093281221451e-04
1.356000000000000000e+05,6.413441234593645485e-04,1.436738899651224895e-04,4.134473791789370018e-04
1.358000000000000000e+05,5.022142712459690041e-04,1.317092859518495290e-04,3.845887328688181472e-04
1.360000000000000000e+05,5.525426243406503018e-04,1.298265394322933083e-04,3.642896629040114228e-04
1.362000000000000000e+05,4.844657947076265328e-04,1.154429314461162515e-04,4.177415756865557827e-04
1.364000000000000000e+05,4.315501446527862228e-04,1.138867273041350086e-04,3.889603160005634334e-04
1.366000000000000000e+05,3.556180283243053943e-04,1.218863410122363034e-04,3.501725027508766227e-04
1.368000000000000000e+05,3.272637015472520949e-04,1.354781311240735059e-04,3.263594968020433213e-04
1.370000000000000000e+05,2.340644741471588190e-04,1.099331158581244377e-04,2.296507850778449630e-04
1.372000000000000000e+05,2.027846319894708086e-04,8.582786531998096960e-05,2.010946232656517316e-04
1.374000000000000000e+05,3.008332994553459074e-04,1.154305392008949635e-04,2.698250255863898989e-04
1.376000000000000000e+05,2.697647897117477918e-04,1.071410050844134231e-04,2.483826214585672324e-04
1.378000000000000000e+05,2.640071421830544689e-04,1.081487805038482472e-04,2.241136639485384423e-04
1.380000000000000000e+05,2.118849311934264512e-04,8.480494545227838018e-05,1.926669835078987400e-04
1.382000000000000000e+05,2.815078417970438146e-04,9.580695174023169322e-05,2.045661500946270952e-04
1.384000000000000000e+05,2.519915096345210197e-04,9.580603033118616826e-05,1.806395009346239305e-04
1.386000000000000000e+05,3.398252237058572577e-04,7.766706961820685662e-05,1.470987332078179126e-04
1.388000000000000000e+05,2.096387360704308177e-04,6.861460700178064398e-05,1.596743538505799166e-04
1.390000000000000000e+05,1.608575843338402747e-04,6.422986219938735025e-05,1.563284270484614920e-04
1.392000000000000000e+05,1.979844277766997581e-04,6.969817502315666226e-05,1.635065084946245566e-04
1.394000000000000000e+05,1.454071270616296492e-04,6.312630852340244184e-05,1.452616643930876826e-04
1.396000000000000000e+05,1.428966252644755532e-04,4.785735618584107494e-05,1.383859418552822805e-04
1.398000000000000000e+05,1.291817010133590915e-04,3.352504858920029874e-05,1.278073141087665489e-04
1.400000000000000000e+05,1.115096286574947736e-04,4.482354214893657826e-05,1.100536642778231217e-04
1.402000000000000000e+05,1.184660850988230083e-04,3.690065278503059558e-05,1.173186663377638600e-04
1.404000000000000000e+05,1.126949261540386219e-04,3.811034662800468680e-05,1.114072344755227643e-04
1.406000000000000000e+05,1.306889168137851612e-04,4.129251960381612034e-05,1.138451955101600144e-04
1.408000000000000000e+05,9.589130414287202759e-05,4.249471431382038407e-05,9.448977851660501947e-05
1.410000000000000000e+05,7.723797911500971075e-05,3.998239994070934566e-05,5.989197343030528141e-05
1.412000000000000000e+05,8.269641031052071714e-05,3.151072374483705264e-05,8.268145307416687828e-05
1.414000000000000000e+05,1.062610896363515956e-04,2.584727589673671588e-05,9.363918351459325393e-05
1.416000000000000000e+05,1.246149081227056383e-04,2.633461081610436345e-05,7.411684476294842902e-05
1.418000000000000000e+05,9.674494004417525381e-05,2.602114372433337225e-05,9.642024290236063497e-05
1.420000000000000000e+05,1.102261499520179366e-04,2.652581034276358478e-05,8.244500709604604173e-05
1.422000000000000000e+05,1.005147983802844573e-04,1.593474456915426702e-05,9.706648067573205507e-05
1.424000000000000000e+05,1.200782082304650004e-04,2.236848781960561942e-05,1.020861937179228451e-04
1.426000000000000000e+05,1.149219219008158522e-04,2.398525729646233581e-05,1.058637009322414336e-04
1.428000000000000000e+05,8.279119644248910715e-05,2.495227660053747520e-05,8.278667804429658869e-05
1.430000000000000000e+05,8.427182290675660538e-05,2.864015260770926935e-05,8.221238203642218284e-05
1.432000000000000000e+05,9.861098751545800309e-05,2.610279230485813015e-05,9.181441916834238233e-05
1.434000000000000000e+05,7.962911236338098919e-05,2.153942832349887987e-05,7.537319133840620397e-05
1.436000000000000000e+05,7.772328969433300351e-05,2.225628731602800629e-05,7.386694156822701924e-05
1.438000000000000000e+05,6.810376017662081037e-05,2.019040503309335298e-05,6.467774301862025421e-05
1.440000000000000000e+05,4.501429518503433373e-05,1.766666145713748957e-05,4.499553835875869437e-05
1.442000000000000000e+05,3.124346692634763549e-05,1.174934081403008950e-05,3.109911819280521497e-05
1.444000000000000000e+05,4.091819687411084880e-05,9.977281245722243613e-06,4.089534909214372901e-05
1.446000000000000000e+05,3.235851906405408558e-05,1.038415219675349706e-05,2.932969930100860295e-05
1.448000000000000000e+05,2.640642099875027327e-05,7.445763424487384687e-06,2.623778292522945907e-05
1.450000000000000000e+05,3.244793188506916125e-05,6.851060851863679588e-06,3.024021373809092838e-05
1.452000000000000000e+05,3.374739503563527356e-05,5.377709573164476100e-06,2.485211233954390570e-05
1.454000000000000000e+05,3.388201298073162751e-05,7.021387874919828732e-06,2.793232619482044558e-05
1.456000000000000000e+05,2.991698809425759822e-05,5.592673064923316267e-06,2.336087567621414061e-05
1.458000000000000000e+05,3.206158760798376550e-05,5.854360107781222337e-06,2.488775714914982854e-05
1.460000000000000000e+05,2.448650336367131397e-05,5.801024968154541124e-06,1.891452808177935716e-05
1.462000000000000000e+05,1.962466647184054250e-05,2.941082405538155724e-06,1.638471051047400072e-05
1.464000000000000000e+05,1.748945154207893986e-05,3.715454628979294595e-06,1.265431672717680830e-05
1.466000000000000000e+05,1.639413522696819928e-05,3.881405921515576672e-06,1.144352862883126784e-05
1.468000000000000000e+05,1.684984365996779115e-05,3.570177282552132601e-06,1.247341798288601180e-05
1.470000000000000000e+05,1.123633998233567225e-05,3.984896542005006081e-06,1.057416801735377076e-05
1.472000000000000000e+05,1.742402527147294110e-05,3.881895627219775792e-06,9.967550622792203553e-06
1.474000000000000000e+05,1.053700296084135086e-05,3.620023385979965963e-06,9.894097469130789391e-06
1.476000000000000000e+05,1.366632922416076182e-05,1.928371174769626285e-06,1.096845088463382059e-05
1.478000000000000000e+05,1.158497401536490551e-05,2.093705145385054709e-06,1.158497302193745658e-05
1.480000000000000000e+05,9.711754199477810762e-06,2.854758208191256425e-06,8.770882996863140022e-06
1.482000000000000000e+05,8.476003337111948498e-06,2.283547277930082522e-06,8.386404085087545272e-06
1.484000000000000000e+05,8.289968839608018435e-06,2.036916129600489918e-06,7.569289430356869045e-06
1.486000000000000000e+05,7.417555043798817721e-06,2.629846493368491722e-06,7.264972325860450995e-06
1.488000000000000000e+05,6.877145239524554028e-06,2.249970372535779411e-06,6.775859252864293566e-06
1.490000000000000000e+05,6.673650467057872831e-06,1.511707586426958028e-06,6.636762813481335180e-06
1.492000000000000000e+05,8.425231959774990914e-06,2.301103389117164764e-06,8.245783240218471056e-06
1.494000000000000000e+05,7.096142213145440898e-06,2.131047758760191564e-06,7.096019279389835547e-06
1.496000000000000000e+05,6.820398098834465139e-06,2.330776995655924389e-06,6.646313460340816749e-06
1.498000000000000000e+05,6.660356228479982906e-06,2.285274607314480739e-06,5.912116825153515457e-06
1.500000000000000000e+05,6.590583767412509424e-06,1.787356963580410355e-06,4.415754597472596611e-06
1.502000000000000000e+05,6.238084729513283775e-06,1.488512368673824232e-06,4.006029757958582638e-06
1.504000000000000000e+05,7.454830749758012135e-06,1.207607957729623433e-06,3.818823692539048953e-06
1.506000000000000000e+05,6.526093041259085919e-06,9.875852626201943306e-07,3.216163432012451944e-06
1.508000000000000000e+05,5.342622595369085510e-06,6.657482608059186863e-07,2.680215156304841340e-06
1.510000000000000000e+05,4.247050913947894758e-06,1.082308806647056904e-06,2.478888200564442076e-06
1.512000000000000000e+05,3.112768803731629465e-06,1.272060455546744606e-06,2.775595807095403315e-06
1.514000000000000000e+05,4.035795915405340072e-06,1.017560001263812929e-06,2.687098152044994536e-06
1.516000000000000000e+05,3.211471810073879588e-06,1.015368050240220436e-06,2.700330359890829546e-06
1.518000000000000000e+05,2.516660239403649161e-06,8.792204377477935128e-07,2.381730878272917392e-06
1.520000000000000000e+05,1.941508020799191934e-06,1.048167317830520996e-06,1.940856972809384560e-06
1.522000000000000000e+05,1.964724549685902311e-06,8.275677980468910006e-07,1.909400627432439684e-06
1.524000000000000000e+05,2.927948152721067425e-06,9.039371890548963646e-07,2.398152531102036593e-06
1.526000000000000000e+05,3.133518079940111476e-06,7.340480188825013886e-07,2.273976046513058750e-06
1.528000000000000000e+05,3.322570892224727620e-06,5.738817779186159018e-07,2.089089925850219717e-06
1.530000000000000000e+05,2.422215228977478186e-06,3.954466750433058494e-07,2.002856282525817661e-06
1.532000000000000000e+05,2.020019136167862972e-06,3.675951943299803915e-07,1.841330322966780048e-06
1.534000000000000000e+05,2.493620646204661661e-06,4.570906829738347964e-07,1.639926244994130041e-06
1.536000000000000000e+05,2.355238151865646842e-06,3.949896041451967580e-07,1.526360643363143956e-06
1.538000000000000000e+05,2.585794456828303871e-06,3.287397402243454913e-07,1.479652902187024699e-06
1.540000000000000000e+05,1.936611118790899340e-06,3.731047085143485325e-07,1.549141613648698689e-06
1.542000000000000000e+05,2.204026629065881294e-06,5.347223296503679287e-07,1.829282212662043767e-06
1.544000000000000000e+05,2.097895180168374213e-06,4.097185987021967605e-07,1.595082505118265011e-06
1.546000000000000000e+05,1.732370073964134929e-06,3.975488274037012922e-07,1.478491814798509674e-06
1.548000000000000000e+05,1.558734227455331418e-06,3.235553850226435810e-07,1.356704801607309511e-06
1.550000000000000000e+05,1.427859125858198302e-06,2.312019997135759491e-07,1.182996904180424090e-06
1.552000000000000000e+05,1.133560521755731985e-06,2.168815953730000997e-07,1.093861950040478496e-06
1.554000000000000000e+05,1.243895621459626506e-06,2.205743949544002498e-07,1.043530063742740895e-06
1.556000000000000000e+05,8.079470770250791797e-07,1.783105461554336248e-07,7.914945157682012539e-07
1.558000000000000000e+05,9.362903734410599601e-07,2.162140482244772257e-07,7.842808395402860056e-07
1.560000000000000000e+05,7.336030888967631346e-07,3.034345315307024941e-07,7.311894194633037634e-07
